City_ID,City,Lat,Lng,Max Temp,Humidity,Cloudiness,Wind Speed,Country,Date
0,waitangi,-43.9535,-176.5597,57.81,91,97,7.0,NZ,Thu Oct 26 16:32:53 2023
1,qaqortoq,60.7167,-46.0333,32.86,63,31,3.83,GL,Thu Oct 26 16:29:16 2023
2,hithadhoo,-0.6,73.0833,81.25,77,33,16.89,MV,Thu Oct 26 16:32:55 2023
3,yellowknife,62.456,-114.3525,30.42,77,75,16.11,CA,Thu Oct 26 16:31:03 2023
4,edinburgh of the seven seas,-37.0676,-12.3116,54.28,62,100,9.86,SH,Thu Oct 26 16:32:57 2023
5,grytviken,-54.2811,-36.5092,34.75,98,100,12.39,GS,Thu Oct 26 16:32:58 2023
6,cidreira,-30.1811,-50.2056,62.62,70,35,10.8,BR,Thu Oct 26 16:32:58 2023
7,lompoc,34.6391,-120.4579,79.02,71,20,20.71,US,Thu Oct 26 16:32:59 2023
8,wailua homesteads,22.0669,-159.378,82.13,66,0,5.75,US,Thu Oct 26 16:33:00 2023
9,punta arenas,-53.15,-70.9167,44.71,49,40,19.57,CL,Thu Oct 26 16:30:23 2023
10,kingston,17.997,-76.7936,90.55,64,40,8.05,JM,Thu Oct 26 16:30:22 2023
11,bethel,41.3712,-73.414,80.69,52,0,12.66,US,Thu Oct 26 16:32:01 2023
12,hawaiian paradise park,19.5933,-154.9731,81.91,87,75,3.0,US,Thu Oct 26 16:33:05 2023
13,palmer,42.1584,-72.3287,79.23,51,28,2.42,US,Thu Oct 26 16:33:05 2023
14,adamstown,-25.066,-130.1015,72.37,79,90,11.12,PN,Thu Oct 26 16:33:06 2023
15,port-aux-francais,-49.35,70.2167,35.6,80,100,21.54,TF,Thu Oct 26 16:33:07 2023
16,behompy,-23.2496,43.8557,67.6,62,3,4.65,MG,Thu Oct 26 16:33:08 2023
17,selfoss,63.9331,-20.9971,41.04,76,70,6.4,IS,Thu Oct 26 16:33:09 2023
18,thompson,55.7435,-97.8558,28.56,43,100,10.36,CA,Thu Oct 26 16:30:06 2023
19,nieuw amsterdam,5.8833,-55.0833,95.16,74,81,12.48,SR,Thu Oct 26 16:33:11 2023
20,saint-joseph,-21.3667,55.6167,75.58,85,5,2.59,RE,Thu Oct 26 16:33:12 2023
21,bilibino,68.0546,166.4372,-1.7,100,91,3.44,RU,Thu Oct 26 16:33:13 2023
22,fort st. john,56.2499,-120.8529,26.49,68,75,9.22,CA,Thu Oct 26 16:30:06 2023
23,keflavik,64.0049,-22.5624,43.23,93,0,4.61,IS,Thu Oct 26 16:33:15 2023
24,belmonte,-15.8631,-38.8828,78.94,83,55,14.36,BR,Thu Oct 26 16:33:17 2023
25,ushtobe,45.2514,77.9838,51.57,47,100,9.1,KZ,Thu Oct 26 16:33:18 2023
26,gizo,-8.103,156.8419,79.09,82,100,2.19,SB,Thu Oct 26 16:33:18 2023
27,marotta,43.764,13.1477,74.1,63,100,3.0,IT,Thu Oct 26 16:33:19 2023
28,puerto natales,-51.7236,-72.4875,45.05,53,40,13.8,CL,Thu Oct 26 16:33:20 2023
29,isafjordur,66.0755,-23.124,39.16,92,80,3.53,IS,Thu Oct 26 16:33:21 2023
30,port mathurin,-19.6833,63.4167,75.76,77,42,15.05,MU,Thu Oct 26 16:33:22 2023
31,aykhal,66.0,111.5,3.31,100,81,0.89,RU,Thu Oct 26 16:33:23 2023
32,mhamid,29.82,-5.72,77.56,16,1,5.64,MA,Thu Oct 26 16:33:23 2023
33,iqaluit,63.7506,-68.5145,28.13,69,75,0.0,CA,Thu Oct 26 16:29:30 2023
34,fuglafjordur,62.244,-6.814,48.67,85,80,25.21,FO,Thu Oct 26 16:33:25 2023
35,coyhaique,-45.5752,-72.0662,54.21,66,75,4.61,CL,Thu Oct 26 16:31:42 2023
36,albany,42.6001,-73.9662,75.58,50,82,2.15,US,Thu Oct 26 16:32:21 2023
37,san ignacio,17.1561,-89.0714,91.54,58,40,6.91,BZ,Thu Oct 26 16:33:28 2023
38,tazacorte,28.629,-17.9293,74.37,79,75,10.36,ES,Thu Oct 26 16:33:28 2023
39,blackmans bay,-43.0167,147.3167,46.53,80,46,3.44,AU,Thu Oct 26 16:33:29 2023
40,badger,64.8,-147.5333,33.71,88,75,0.0,US,Thu Oct 26 16:33:30 2023
41,deoli,25.75,75.3833,70.12,35,0,2.17,IN,Thu Oct 26 16:33:31 2023
42,nikol'sk,53.7189,46.0712,27.48,67,100,12.17,RU,Thu Oct 26 16:33:32 2023
43,puerto ayora,-0.7393,-90.3518,87.76,86,34,8.99,EC,Thu Oct 26 16:31:21 2023
44,penapolis,-21.4197,-50.0775,85.14,57,86,7.65,BR,Thu Oct 26 16:33:33 2023
45,fale old settlement,-9.3852,-171.2468,83.05,79,77,14.56,TK,Thu Oct 26 16:33:34 2023
46,papatowai,-46.5619,169.4708,38.28,74,77,20.65,NZ,Thu Oct 26 16:33:35 2023
47,invercargill,-46.4,168.35,38.01,79,97,14.0,NZ,Thu Oct 26 16:33:36 2023
48,st. john's,47.5649,-52.7093,52.68,90,100,9.22,CA,Thu Oct 26 16:30:05 2023
49,vila velha,-20.3297,-40.2925,80.55,83,75,10.36,BR,Thu Oct 26 16:32:05 2023
50,grand-bassam,5.2118,-3.7388,78.76,90,82,8.03,CI,Thu Oct 26 16:33:39 2023
51,pedernales,18.0384,-71.744,82.89,73,83,3.89,DO,Thu Oct 26 16:33:40 2023
52,flying fish cove,-10.4217,105.6791,78.48,78,100,10.36,CX,Thu Oct 26 16:33:41 2023
53,margaret river,-33.95,115.0667,55.98,52,87,12.53,AU,Thu Oct 26 16:33:42 2023
54,bandarbeyla,9.4942,50.8122,79.97,83,73,11.07,SO,Thu Oct 26 16:33:43 2023
55,port elizabeth,-33.918,25.5701,66.31,74,0,18.41,ZA,Thu Oct 26 16:33:43 2023
56,newman,37.3138,-121.0208,66.24,49,1,8.99,US,Thu Oct 26 16:33:44 2023
57,patong,7.8961,98.2966,86.02,76,98,2.68,TH,Thu Oct 26 16:33:45 2023
58,tiksi,71.6872,128.8694,6.58,96,99,5.23,RU,Thu Oct 26 16:33:46 2023
59,petrovsk-zabaykal'skiy,51.273,108.843,30.49,75,54,2.98,RU,Thu Oct 26 16:33:47 2023
60,mitha tiwana,32.2486,72.1108,74.95,32,0,3.76,PK,Thu Oct 26 16:33:48 2023
61,callao,-12.0667,-77.15,73.72,68,75,9.22,PE,Thu Oct 26 16:33:48 2023
62,cuyo,10.8525,121.0086,83.84,76,87,12.12,PH,Thu Oct 26 16:33:49 2023
63,anadyr,64.75,177.4833,32.5,100,75,4.47,RU,Thu Oct 26 16:33:31 2023
64,yen vinh,18.6667,105.6667,75.09,93,100,3.89,VN,Thu Oct 26 16:33:51 2023
65,skiathos,39.1623,23.4909,66.97,75,51,9.75,GR,Thu Oct 26 16:33:51 2023
66,la'ie,21.6477,-157.9253,85.96,75,53,4.0,US,Thu Oct 26 16:33:52 2023
67,olonkinbyen,70.9221,-8.7187,31.59,73,80,3.18,SJ,Thu Oct 26 16:33:53 2023
68,homer,59.6425,-151.5483,42.04,82,0,3.44,US,Thu Oct 26 16:33:54 2023
69,yulinshi,38.2906,109.7494,51.17,38,0,3.18,CN,Thu Oct 26 16:33:55 2023
70,whitehorse,60.7161,-135.0538,21.97,86,40,10.36,CA,Thu Oct 26 16:33:55 2023
71,acarau,-2.8856,-40.12,79.07,75,9,16.28,BR,Thu Oct 26 16:33:56 2023
72,howard springs,-12.497,131.047,80.51,87,44,3.18,AU,Thu Oct 26 16:33:57 2023
73,hashimoto,34.3167,135.6167,61.68,68,0,4.34,JP,Thu Oct 26 16:33:58 2023
74,angaur state,6.906,134.13,83.64,74,93,11.03,PW,Thu Oct 26 16:33:59 2023
75,kuala belait,4.5833,114.1833,75.36,92,100,4.76,BN,Thu Oct 26 16:34:00 2023
76,janoshalma,46.2986,19.3258,60.67,72,79,11.14,HU,Thu Oct 26 16:34:01 2023
77,praia da vitoria,38.7333,-27.0667,62.85,72,40,11.59,PT,Thu Oct 26 16:34:02 2023
78,fisterra,42.9049,-9.2629,58.75,71,4,22.48,ES,Thu Oct 26 16:34:03 2023
79,kolonia town,6.964,158.206,77.0,94,100,3.02,FM,Thu Oct 26 16:34:03 2023
80,aden,12.7794,45.0367,83.08,77,93,20.74,YE,Thu Oct 26 16:32:18 2023
81,pontes e lacerda,-15.2261,-59.3353,77.43,83,99,1.72,BR,Thu Oct 26 16:34:05 2023
82,west island,-12.1568,96.8225,76.98,83,40,18.41,CC,Thu Oct 26 16:34:06 2023
83,udachny,66.4167,112.4,-1.48,100,88,0.92,RU,Thu Oct 26 16:34:07 2023
84,tulun,54.5611,100.5792,37.62,82,90,6.06,RU,Thu Oct 26 16:34:08 2023
85,kapuskasing,49.4169,-82.4331,33.89,93,100,10.36,CA,Thu Oct 26 16:34:09 2023
86,afaahiti,-17.75,-149.2833,82.27,88,100,4.52,PF,Thu Oct 26 16:34:09 2023
87,tongchuanshi,35.0806,109.0897,57.88,39,100,3.8,CN,Thu Oct 26 16:34:10 2023
88,soio,-6.1349,12.3689,77.5,85,49,8.68,AO,Thu Oct 26 16:34:11 2023
89,pyetrykaw,52.1289,28.4921,49.44,96,100,6.31,BY,Thu Oct 26 16:34:12 2023
90,ulsteinvik,62.3432,5.8487,40.32,77,61,7.0,NO,Thu Oct 26 16:34:13 2023
91,katsuren-haebaru,26.3369,127.8719,73.42,77,20,5.75,JP,Thu Oct 26 16:34:14 2023
92,kununurra,-15.7667,128.7333,84.18,18,64,8.05,AU,Thu Oct 26 16:34:14 2023
93,samana,19.2056,-69.3369,86.22,74,40,9.22,DO,Thu Oct 26 16:34:15 2023
94,hasaki,35.7333,140.8333,52.2,58,73,4.18,JP,Thu Oct 26 16:34:16 2023
95,bredasdorp,-34.5322,20.0403,57.61,76,44,6.91,ZA,Thu Oct 26 16:30:19 2023
96,cedeira,43.6797,-8.0209,58.98,74,30,23.87,ES,Thu Oct 26 16:34:18 2023
97,lorengau,-2.0226,147.2712,79.57,82,84,4.23,PG,Thu Oct 26 16:34:19 2023
98,petropavlovsk-kamchatsky,53.0452,158.6483,33.46,83,0,15.99,RU,Thu Oct 26 16:30:53 2023
99,college,64.8569,-147.8028,33.8,82,75,0.0,US,Thu Oct 26 16:34:20 2023
100,tyukhtet,56.5389,89.3011,37.81,82,98,19.64,RU,Thu Oct 26 16:34:21 2023
101,isangel,-19.55,169.2667,78.71,81,70,14.61,VU,Thu Oct 26 16:34:22 2023
102,kerikeri,-35.2268,173.9474,64.9,86,86,1.01,NZ,Thu Oct 26 16:34:23 2023
103,hotan,37.0997,79.9269,53.33,26,69,5.01,CN,Thu Oct 26 16:34:24 2023
104,amos,48.5669,-78.1162,42.08,92,100,6.42,CA,Thu Oct 26 16:32:30 2023
105,stanley,54.868,-1.6985,50.02,95,75,12.66,GB,Thu Oct 26 16:29:27 2023
106,manokwari,-0.8667,134.0833,77.5,79,100,3.53,ID,Thu Oct 26 16:34:26 2023
107,portland,45.5234,-122.6762,51.82,86,100,7.0,US,Thu Oct 26 16:32:30 2023
108,port blair,11.6667,92.75,77.04,100,40,1.14,IN,Thu Oct 26 16:34:28 2023
109,quang ngai,15.1167,108.8,75.29,94,100,2.55,VN,Thu Oct 26 16:34:29 2023
110,vadso,70.0744,29.7487,29.28,86,75,3.44,NO,Thu Oct 26 16:34:30 2023
111,utrik,11.2278,169.8474,82.13,79,86,12.01,MH,Thu Oct 26 16:34:31 2023
112,iskateley,67.6803,53.1512,11.01,100,76,4.0,RU,Thu Oct 26 16:34:31 2023
113,wangkui,46.8333,126.5,32.14,35,16,5.01,CN,Thu Oct 26 16:34:32 2023
114,sittwe,20.15,92.9,74.89,89,24,6.87,MM,Thu Oct 26 16:34:34 2023
115,hilo,19.7297,-155.09,82.13,79,75,1.01,US,Thu Oct 26 16:27:49 2023
116,peterhead,57.5058,-1.7981,52.2,90,100,28.74,GB,Thu Oct 26 16:34:36 2023
117,ribeira grande,38.5167,-28.7,64.8,63,20,5.75,PT,Thu Oct 26 16:34:36 2023
118,altai,46.3722,96.2583,35.96,32,12,5.26,MN,Thu Oct 26 16:34:38 2023
119,maloye ganyushkino,46.6,49.2667,50.72,90,100,15.12,KZ,Thu Oct 26 16:34:39 2023
120,haiku-pauwela,20.9219,-156.3051,82.04,70,20,8.05,US,Thu Oct 26 16:34:40 2023
121,bubaque,11.2833,-15.8333,82.71,80,68,12.03,GW,Thu Oct 26 16:34:40 2023
122,georgetown,5.4112,100.3354,79.02,92,20,4.61,MY,Thu Oct 26 16:33:03 2023
123,kapa'a,22.0752,-159.319,83.48,65,0,5.75,US,Thu Oct 26 16:34:42 2023
124,leava,-14.3,-178.1667,79.18,77,100,18.5,WF,Thu Oct 26 16:34:43 2023
125,yinchuan,38.4681,106.2731,54.32,34,0,2.15,CN,Thu Oct 26 16:34:44 2023
126,upington,-28.4478,21.2561,89.98,12,100,12.66,ZA,Thu Oct 26 16:34:45 2023
127,piti village,13.4626,144.6933,81.48,88,40,5.75,GU,Thu Oct 26 16:34:46 2023
128,kone,-21.0595,164.8658,72.86,90,100,4.43,NC,Thu Oct 26 16:34:47 2023
129,gisborne,-38.6533,178.0042,63.75,72,97,11.56,NZ,Thu Oct 26 16:31:48 2023
130,pisco,-13.7,-76.2167,68.05,83,100,8.05,PE,Thu Oct 26 16:34:48 2023
131,enewetak,11.3474,162.3373,83.35,79,100,14.9,MH,Thu Oct 26 16:34:49 2023
132,lihue,21.9789,-159.3672,82.74,66,0,5.75,US,Thu Oct 26 16:34:50 2023
133,saint-francois,46.4154,3.9054,53.04,100,75,0.0,FR,Thu Oct 26 16:34:51 2023
134,leninogorsk,54.6026,52.4609,23.85,92,9,2.73,RU,Thu Oct 26 16:34:52 2023
135,lebu,-37.6167,-73.65,55.15,77,3,12.01,CL,Thu Oct 26 16:34:53 2023
136,tromso,69.6496,18.957,37.42,93,75,6.91,NO,Thu Oct 26 16:34:54 2023
137,labrador city,52.9463,-66.9114,30.11,69,100,11.5,CA,Thu Oct 26 16:34:31 2023
138,codrington,-38.2667,141.9667,45.63,80,17,6.13,AU,Thu Oct 26 16:34:55 2023
139,hammerfest,70.6634,23.6821,28.85,80,75,3.44,NO,Thu Oct 26 16:34:56 2023
140,stephenville,32.2207,-98.2023,83.25,61,75,8.05,US,Thu Oct 26 16:34:57 2023
141,hamilton,39.1834,-84.5333,76.23,60,75,11.5,US,Thu Oct 26 16:33:15 2023
142,hermanus,-34.4187,19.2345,60.39,77,52,11.45,ZA,Thu Oct 26 16:34:58 2023
143,chefchaouene,35.1688,-5.2636,65.77,89,98,5.93,MA,Thu Oct 26 16:34:59 2023
144,port alfred,-33.5906,26.891,64.18,93,92,3.0,ZA,Thu Oct 26 16:35:00 2023
145,huntsville,34.7304,-86.5861,82.78,49,40,12.66,US,Thu Oct 26 16:32:07 2023
146,wanning,18.8003,110.3967,76.73,92,91,2.24,CN,Thu Oct 26 16:35:01 2023
147,mudgee,-32.5943,149.5871,50.61,71,50,11.81,AU,Thu Oct 26 16:32:56 2023
148,cozumel,20.5083,-86.9458,87.87,68,75,8.05,MX,Thu Oct 26 16:33:17 2023
149,pangody,65.85,74.4859,11.91,92,91,10.27,RU,Thu Oct 26 16:35:04 2023
150,vuktyl,63.8567,57.3094,20.1,88,100,5.01,RU,Thu Oct 26 16:35:05 2023
151,alofi,-19.0595,-169.9187,75.09,69,40,19.57,NU,Thu Oct 26 16:35:06 2023
152,mar del plata,-38.0023,-57.5575,77.02,33,20,21.85,AR,Thu Oct 26 16:31:02 2023
153,mount gambier,-37.8333,140.7667,45.07,80,7,4.36,AU,Thu Oct 26 16:35:09 2023
154,tamanrasset,22.785,5.5228,76.91,14,0,4.61,DZ,Thu Oct 26 16:35:09 2023
155,vorgashor,67.5833,63.95,12.76,96,100,6.62,RU,Thu Oct 26 16:35:10 2023
156,san antonio de pale,-1.4014,5.6325,78.46,85,96,7.87,GQ,Thu Oct 26 16:35:11 2023
157,trairi,-3.2778,-39.2689,78.51,76,6,11.27,BR,Thu Oct 26 16:30:21 2023
158,niafunke,15.9322,-3.9906,90.28,9,100,8.63,ML,Thu Oct 26 16:35:13 2023
159,saipan,15.1355,145.701,81.3,94,40,5.75,MP,Thu Oct 26 16:35:14 2023
160,mejit,10.2753,170.8646,82.51,78,12,10.78,MH,Thu Oct 26 16:35:15 2023
161,timimoun,29.2639,0.231,79.18,19,0,2.3,DZ,Thu Oct 26 16:35:16 2023
162,otjimbingwe,-22.35,16.1333,72.59,39,3,5.44,NA,Thu Oct 26 16:35:17 2023
163,jalapa,19.5333,-96.9167,69.87,86,89,3.53,MX,Thu Oct 26 16:35:18 2023
164,arraial do cabo,-22.9661,-42.0278,73.36,88,75,6.91,BR,Thu Oct 26 16:35:19 2023
165,mzimba,-11.9,33.6,71.46,54,58,7.36,MW,Thu Oct 26 16:35:20 2023
166,laojunmiao,39.8333,97.7333,44.89,21,0,5.44,CN,Thu Oct 26 16:35:21 2023
167,kodiak,57.79,-152.4072,44.11,70,100,10.36,US,Thu Oct 26 16:35:22 2023
168,san patricio,28.017,-97.5169,85.95,81,100,10.8,US,Thu Oct 26 16:35:22 2023
169,tura,25.5198,90.2201,66.87,89,0,2.46,IN,Thu Oct 26 16:35:23 2023
170,malvan,16.0667,73.4667,77.68,57,56,9.82,IN,Thu Oct 26 16:35:24 2023
171,sitka,57.0531,-135.33,46.29,57,0,3.44,US,Thu Oct 26 16:35:25 2023
172,kisiwani,-4.1333,37.95,71.98,88,65,4.76,TZ,Thu Oct 26 16:35:26 2023
173,tazovsky,67.4667,78.7,9.1,94,85,11.23,RU,Thu Oct 26 16:35:27 2023
174,waddan,29.1614,16.139,75.27,44,0,5.88,LY,Thu Oct 26 16:35:28 2023
175,barra do bugres,-15.0725,-57.1811,93.07,41,98,3.47,BR,Thu Oct 26 16:35:28 2023
176,katsuura,35.1333,140.3,65.25,64,69,6.73,JP,Thu Oct 26 16:35:30 2023
177,la rioja,42.25,-2.5,46.18,70,0,11.21,ES,Thu Oct 26 16:33:43 2023
178,porto novo,6.4965,2.6036,82.22,88,98,6.6,BJ,Thu Oct 26 16:35:32 2023
179,nemuro,43.3236,145.575,52.56,80,63,5.61,JP,Thu Oct 26 16:35:33 2023
180,jamestown,42.097,-79.2353,73.04,49,0,10.36,US,Thu Oct 26 16:32:16 2023
181,tsumeb,-19.2333,17.7167,83.79,19,38,2.39,NA,Thu Oct 26 16:35:35 2023
182,singapur,1.2897,103.8501,80.55,90,75,6.91,SG,Thu Oct 26 16:33:22 2023
183,hauterive,46.0901,3.4459,54.36,89,100,11.34,FR,Thu Oct 26 16:35:37 2023
184,el hajeb,33.6879,-5.371,57.31,75,90,2.33,MA,Thu Oct 26 16:35:38 2023
185,timbuktu,16.7735,-3.0074,90.18,9,62,7.29,ML,Thu Oct 26 16:35:39 2023
186,twon-brass,4.3151,6.2418,79.84,73,100,3.74,NG,Thu Oct 26 16:35:40 2023
187,ibimirim,-8.5406,-37.6903,90.68,19,46,6.67,BR,Thu Oct 26 16:35:41 2023
188,east london,-33.0153,27.9116,68.76,90,86,11.74,ZA,Thu Oct 26 16:35:42 2023
189,hadibu,12.65,54.0333,80.15,82,44,9.33,YE,Thu Oct 26 16:35:43 2023
190,nadi,-17.8,177.4167,80.6,65,20,5.75,FJ,Thu Oct 26 16:30:57 2023
191,lastoursville,-0.8143,12.7287,72.28,98,57,1.1,GA,Thu Oct 26 16:35:44 2023
192,porto empedocle,37.2934,13.5264,68.86,80,98,6.02,IT,Thu Oct 26 16:33:43 2023
193,guercif,34.2257,-3.3536,70.48,56,96,12.44,MA,Thu Oct 26 16:35:07 2023
194,sosnogorsk,63.6023,53.8817,27.54,85,100,8.01,RU,Thu Oct 26 16:35:47 2023
195,ushuaia,-54.8,-68.3,42.42,56,40,25.32,AR,Thu Oct 26 16:35:39 2023
196,aasiaat,68.7098,-52.8699,24.75,91,98,8.41,GL,Thu Oct 26 16:35:49 2023
197,kavaratti,10.5669,72.642,82.99,70,28,4.5,IN,Thu Oct 26 16:35:50 2023
198,reshetylivka,49.565,34.0782,53.94,82,100,8.5,UA,Thu Oct 26 16:35:50 2023
199,egilsstadir,65.2653,-14.3948,40.91,75,40,4.61,IS,Thu Oct 26 16:35:51 2023
200,akureyri,65.6835,-18.0878,26.53,93,0,0.0,IS,Thu Oct 26 16:35:52 2023
201,salinas,36.6777,-121.6555,71.01,51,0,10.36,US,Thu Oct 26 16:31:14 2023
202,kuching,1.55,110.3333,80.02,94,40,2.3,MY,Thu Oct 26 16:35:54 2023
203,nova sintra,14.8667,-24.7167,76.91,78,100,21.27,CV,Thu Oct 26 16:35:55 2023
204,shimoda,34.6667,138.95,63.07,68,54,7.05,JP,Thu Oct 26 16:35:56 2023
205,talnakh,69.4865,88.3972,2.57,94,42,2.51,RU,Thu Oct 26 16:35:57 2023
206,balabac,7.9868,117.0645,81.68,78,67,9.08,PH,Thu Oct 26 16:35:57 2023
207,avarua,-21.2078,-159.775,73.45,60,40,12.66,CK,Thu Oct 26 16:35:58 2023
208,kloulklubed,7.0419,134.2556,83.64,73,83,9.69,PW,Thu Oct 26 16:36:00 2023
209,el nido,11.1858,119.3956,81.63,81,78,5.21,PH,Thu Oct 26 16:36:01 2023
210,nyurba,63.2842,118.3319,18.63,97,100,3.09,RU,Thu Oct 26 16:36:02 2023
211,kudahuvadhoo,2.6708,72.8944,81.1,79,81,11.34,MV,Thu Oct 26 16:36:03 2023
212,laguna,38.421,-121.4238,68.29,53,0,12.66,US,Thu Oct 26 16:31:30 2023
213,sunny isles beach,25.9506,-80.1228,85.01,61,40,19.57,US,Thu Oct 26 16:34:08 2023
214,santa cruz,-17.8,-63.1667,80.06,73,75,11.5,BO,Thu Oct 26 16:36:06 2023
215,villas,26.5504,-81.8687,87.84,51,0,20.71,US,Thu Oct 26 16:36:07 2023
216,bamboo flat,11.7,92.7167,77.09,100,40,1.14,IN,Thu Oct 26 16:36:08 2023
217,toamasina,-18.1667,49.3833,78.8,89,75,5.75,MG,Thu Oct 26 16:36:09 2023
218,castillos,-34.1667,-53.8333,57.94,64,0,5.41,UY,Thu Oct 26 16:36:10 2023
219,klyuchi,52.2667,79.1667,30.09,57,6,15.1,RU,Thu Oct 26 16:36:11 2023
220,weno,7.4515,151.8468,83.71,76,91,12.86,FM,Thu Oct 26 16:36:11 2023
221,mudanjiang,44.5833,129.6,31.14,50,7,2.71,CN,Thu Oct 26 16:36:13 2023
222,gejiu,23.306,103.1635,53.69,96,55,3.09,CN,Thu Oct 26 16:36:13 2023
223,pompeu,-19.2244,-44.9353,73.6,76,96,4.94,BR,Thu Oct 26 16:36:14 2023
224,el alto,-4.2714,-81.2147,76.66,74,86,19.73,PE,Thu Oct 26 16:36:15 2023
225,fresno,36.6666,-119.8343,68.38,33,20,8.05,US,Thu Oct 26 16:29:00 2023
226,ilhabela,-23.7781,-45.3581,69.39,93,100,7.09,BR,Thu Oct 26 16:33:19 2023
227,alghero,40.5589,8.3181,73.49,78,75,20.71,IT,Thu Oct 26 16:35:49 2023
228,karlskrona,56.1616,15.5866,41.45,84,100,12.95,SE,Thu Oct 26 16:36:19 2023
229,asekeyevo,53.5742,52.7972,26.37,76,12,3.18,RU,Thu Oct 26 16:36:21 2023
230,weligama,5.9667,80.4167,76.24,89,100,4.23,LK,Thu Oct 26 16:36:22 2023
231,tinajo,29.0788,-13.7081,72.48,68,20,12.66,ES,Thu Oct 26 16:36:23 2023
232,tsiombe,-25.3,45.4833,66.72,69,100,4.07,MG,Thu Oct 26 16:36:24 2023
233,malyn,50.7723,29.2383,51.06,96,100,7.58,UA,Thu Oct 26 16:36:25 2023
234,sao joao da barra,-21.6403,-41.0511,77.09,93,58,5.01,BR,Thu Oct 26 16:36:26 2023
235,toccoa,34.5773,-83.3324,78.82,55,40,0.0,US,Thu Oct 26 16:32:03 2023
236,salalah,17.0151,54.0924,80.69,83,40,4.61,OM,Thu Oct 26 16:36:27 2023
237,ancud,-41.8697,-73.8203,51.37,83,100,10.38,CL,Thu Oct 26 16:36:29 2023
238,susuman,62.7833,148.1667,-10.5,99,69,0.96,RU,Thu Oct 26 16:33:21 2023
239,namie,37.4833,141.0,44.55,72,2,4.79,JP,Thu Oct 26 16:36:31 2023
240,kutulik,53.3508,102.7839,37.45,78,98,7.81,RU,Thu Oct 26 16:36:32 2023
241,korla,41.7597,86.1469,52.09,36,48,2.82,CN,Thu Oct 26 16:36:33 2023
242,sarmiento,-45.5882,-69.07,60.82,33,100,26.62,AR,Thu Oct 26 16:36:34 2023
243,gutao,37.2025,112.1781,51.76,29,1,1.88,CN,Thu Oct 26 16:36:35 2023
244,casper,42.8666,-106.3131,21.72,88,100,4.0,US,Thu Oct 26 16:34:56 2023
245,nishinoomote,30.7333,131.0,70.66,59,100,13.15,JP,Thu Oct 26 16:36:36 2023
246,zalari,53.5584,102.5065,38.44,76,100,6.73,RU,Thu Oct 26 16:33:47 2023
247,myeik,12.4333,98.6,77.59,90,100,4.32,MM,Thu Oct 26 16:36:38 2023
248,santa terezinha,-29.9002,-50.0904,63.12,70,50,10.25,BR,Thu Oct 26 16:36:39 2023
249,song cau,13.45,109.2167,75.81,91,76,4.45,VN,Thu Oct 26 16:36:40 2023
250,plettenberg bay,-34.0527,23.3716,61.93,85,44,10.07,ZA,Thu Oct 26 16:36:41 2023
251,sal rei,16.1833,-22.9167,81.0,82,88,19.26,CV,Thu Oct 26 16:36:42 2023
252,torghay,49.6339,63.4981,31.62,58,37,5.91,KZ,Thu Oct 26 16:36:43 2023
253,emmer-compascuum,52.8117,7.0472,50.85,92,64,5.57,NL,Thu Oct 26 16:36:44 2023
254,magadan,59.5667,150.8,20.61,79,70,5.32,RU,Thu Oct 26 16:36:45 2023
255,woodstock,43.1334,-80.7497,67.66,76,100,8.01,CA,Thu Oct 26 16:35:44 2023
256,jijel,36.8205,5.7667,66.15,77,0,4.61,DZ,Thu Oct 26 16:36:47 2023
257,sur,22.5667,59.5289,81.12,64,22,3.76,OM,Thu Oct 26 16:36:47 2023
258,west plains,36.7281,-91.8524,74.23,68,100,14.97,US,Thu Oct 26 16:36:48 2023
259,harper,4.375,-7.7169,78.22,90,88,8.41,LR,Thu Oct 26 16:36:49 2023
260,ghat,24.9647,10.1728,80.33,19,6,4.92,LY,Thu Oct 26 16:36:50 2023
261,cadale,2.7603,46.3222,81.72,78,26,9.78,SO,Thu Oct 26 16:36:51 2023
262,maragogi,-9.0122,-35.2225,78.66,79,11,10.63,BR,Thu Oct 26 16:36:51 2023
263,ola,59.5833,151.2833,24.42,65,59,6.15,RU,Thu Oct 26 16:36:52 2023
264,palembang,-2.9167,104.7458,72.84,96,100,3.11,ID,Thu Oct 26 16:36:53 2023
265,palikir - national government center,6.9248,158.1611,75.94,94,100,3.06,FM,Thu Oct 26 16:36:54 2023
266,nevsehir,38.9167,34.6667,58.21,36,0,4.61,TR,Thu Oct 26 16:36:54 2023
267,phek,25.6667,94.5,50.14,99,40,1.01,IN,Thu Oct 26 16:36:55 2023
268,los reyes de salgado,19.5833,-102.4833,75.25,73,46,4.59,MX,Thu Oct 26 16:36:56 2023
269,bobo-dioulasso,11.1771,-4.2979,79.25,78,20,0.0,BF,Thu Oct 26 16:36:57 2023
270,atafu village,-8.5421,-172.5159,83.35,78,100,15.37,TK,Thu Oct 26 16:36:58 2023
271,puerto aysen,-45.4,-72.7,46.67,99,100,5.68,CL,Thu Oct 26 16:36:58 2023
272,almeirim,-1.5233,-52.5817,91.99,36,78,4.43,BR,Thu Oct 26 16:36:59 2023
273,coronel suarez,-37.4547,-61.9334,75.27,35,3,6.29,AR,Thu Oct 26 16:37:00 2023
274,saint-philippe,-21.3585,55.7679,76.59,85,7,5.03,RE,Thu Oct 26 16:37:01 2023
275,polyarnyy,69.1989,33.4478,25.79,93,100,6.87,RU,Thu Oct 26 16:33:21 2023
276,kayangel,8.0823,134.7173,82.69,72,19,2.44,PW,Thu Oct 26 16:37:02 2023
277,vanimo,-2.6741,141.3028,77.47,90,99,3.74,PG,Thu Oct 26 16:37:03 2023
278,port augusta,-32.5,137.7667,50.43,61,50,3.83,AU,Thu Oct 26 16:37:04 2023
279,longyearbyen,78.2186,15.6401,24.64,80,75,10.36,SJ,Thu Oct 26 16:37:05 2023
280,luderitz,-26.6481,15.1594,61.2,82,6,12.77,NA,Thu Oct 26 16:37:06 2023
281,sola,-13.8833,167.55,79.47,79,100,5.19,VU,Thu Oct 26 16:37:07 2023
282,rosarito,32.3333,-117.0333,77.41,62,18,13.02,MX,Thu Oct 26 16:33:48 2023
283,pitoa,9.3833,13.5333,78.89,83,0,2.3,CM,Thu Oct 26 16:37:08 2023
284,horta,38.5333,-28.6333,64.04,73,20,5.75,PT,Thu Oct 26 16:37:09 2023
285,dabhol,17.6,73.1667,73.08,61,49,5.19,IN,Thu Oct 26 16:37:10 2023
286,birobidzhan,48.8,132.95,34.83,59,0,6.26,RU,Thu Oct 26 16:37:11 2023
287,namibe,-15.1961,12.1522,68.9,73,81,5.53,AO,Thu Oct 26 16:37:13 2023
288,gelemso,8.8167,40.5167,60.24,87,100,3.02,ET,Thu Oct 26 16:37:14 2023
289,qamdo,31.1667,97.2333,24.78,75,74,3.51,CN,Thu Oct 26 16:37:15 2023
290,ghanzi,-21.5667,21.7833,82.51,17,26,15.55,BW,Thu Oct 26 16:37:16 2023
291,detroit lakes,46.8172,-95.8453,46.85,99,75,12.66,US,Thu Oct 26 16:32:42 2023
292,byron bay,-28.65,153.6167,59.7,91,100,19.26,AU,Thu Oct 26 16:37:15 2023
293,skovorodino,53.9833,123.9167,24.37,60,100,1.59,RU,Thu Oct 26 16:32:20 2023
294,barakani,-12.1356,44.4317,78.44,87,7,6.02,KM,Thu Oct 26 16:37:19 2023
295,tolanaro,-25.0319,46.9987,71.67,78,40,9.22,MG,Thu Oct 26 16:37:20 2023
296,santa adelia,-21.2428,-48.8042,78.26,73,96,4.45,BR,Thu Oct 26 16:37:21 2023
297,dudinka,69.4058,86.1778,8.67,99,72,3.0,RU,Thu Oct 26 16:32:22 2023
298,buon ma thuot,12.6667,108.05,67.91,99,34,2.55,VN,Thu Oct 26 16:37:22 2023
299,obock,12.25,43.0833,71.65,86,100,7.11,DJ,Thu Oct 26 16:37:23 2023
300,holualoa,19.6228,-155.9522,82.54,69,0,9.22,US,Thu Oct 26 16:37:24 2023
301,nguigmi,14.2495,13.1092,84.29,21,2,8.84,NE,Thu Oct 26 16:37:25 2023
302,lata,40.1629,-8.3327,57.92,93,48,2.77,PT,Thu Oct 26 16:37:25 2023
303,skelleftea,64.7507,20.9528,32.36,100,100,4.61,SE,Thu Oct 26 16:37:26 2023
304,crane,31.3974,-102.3501,84.24,23,0,8.77,US,Thu Oct 26 16:37:27 2023
305,nikolayevsk-on-amure,53.1406,140.73,33.66,84,35,6.38,RU,Thu Oct 26 16:37:28 2023
306,al ghayzah,16.2079,52.176,78.69,76,25,6.91,YE,Thu Oct 26 16:37:29 2023
307,ust'-uda,54.1742,103.0304,39.49,67,100,3.87,RU,Thu Oct 26 16:33:21 2023
308,hami,42.8,93.45,56.48,28,6,4.99,CN,Thu Oct 26 16:37:30 2023
309,mahina,-17.5065,-149.489,83.97,65,75,10.36,PF,Thu Oct 26 16:37:31 2023
310,sinop,41.7711,34.8709,63.84,46,100,4.81,TR,Thu Oct 26 16:37:32 2023
311,isla mujeres,21.2311,-86.731,86.16,68,42,14.67,MX,Thu Oct 26 16:37:33 2023
312,essaouira,31.5125,-9.77,69.3,83,29,6.91,MA,Thu Oct 26 16:32:36 2023
313,kalkaman,51.9525,76.0211,30.29,59,6,15.61,KZ,Thu Oct 26 16:37:35 2023
314,laascaanood,8.4774,47.3597,76.6,72,100,8.84,SO,Thu Oct 26 16:37:36 2023
315,minas novas,-17.2186,-42.5903,76.46,75,91,3.15,BR,Thu Oct 26 16:37:37 2023
316,ust-nera,64.5667,143.2,-5.96,92,99,3.02,RU,Thu Oct 26 16:37:38 2023
317,hell-ville,-13.4,48.2667,76.23,87,99,10.18,MG,Thu Oct 26 16:37:39 2023
318,mossel bay,-34.1831,22.146,64.33,85,0,10.16,ZA,Thu Oct 26 16:37:40 2023
319,constantia,44.1833,28.65,61.7,73,92,9.08,RO,Thu Oct 26 16:37:41 2023
320,sisimiut,66.9395,-53.6735,30.16,79,100,16.2,GL,Thu Oct 26 16:37:41 2023
321,kaa-khem,51.6833,94.7333,40.41,40,74,4.38,RU,Thu Oct 26 16:37:42 2023
322,yakakent,41.6325,35.5289,69.6,57,100,2.08,TR,Thu Oct 26 16:37:43 2023
323,san luis de la loma,17.2706,-100.8939,83.41,76,81,5.73,MX,Thu Oct 26 16:37:45 2023
324,rio grande,-32.035,-52.0986,69.91,70,0,9.44,BR,Thu Oct 26 16:37:46 2023
325,ad dawadimi,24.5077,44.3924,74.55,48,12,13.47,SA,Thu Oct 26 16:37:48 2023
326,argo,37.6333,22.7333,67.98,69,10,3.06,GR,Thu Oct 26 16:37:49 2023
327,tobruk,32.0836,23.9764,77.29,47,2,8.95,LY,Thu Oct 26 16:37:49 2023
328,queenstown,-31.8976,26.8753,66.13,42,81,0.56,ZA,Thu Oct 26 16:37:50 2023
329,huarmey,-10.0681,-78.1522,70.63,75,36,9.98,PE,Thu Oct 26 16:37:51 2023
330,plastun,44.7561,136.2939,36.1,69,6,7.38,RU,Thu Oct 26 16:37:52 2023
331,freeport,40.6576,-73.5832,81.37,60,0,10.36,US,Thu Oct 26 16:34:51 2023
332,sabang,5.8933,95.3214,81.59,77,86,13.24,ID,Thu Oct 26 16:37:53 2023
333,nantucket,41.2835,-70.0995,73.54,74,0,10.36,US,Thu Oct 26 16:35:38 2023
334,kirovo-chepetsk,58.5539,50.0399,26.89,77,10,3.85,RU,Thu Oct 26 16:37:55 2023
335,ishigaki,24.3448,124.1572,75.33,88,40,6.91,JP,Thu Oct 26 16:37:56 2023
336,muisne,0.6,-80.0333,77.83,82,100,9.82,EC,Thu Oct 26 16:37:57 2023
337,siavonga,-16.5382,28.7088,84.22,50,0,4.32,ZM,Thu Oct 26 16:37:58 2023
338,maputo,-25.9653,32.5892,71.28,78,20,5.75,MZ,Thu Oct 26 16:35:11 2023
339,dacice,49.0815,15.4373,48.7,93,100,4.65,CZ,Thu Oct 26 16:37:59 2023
340,remire-montjoly,4.9167,-52.2667,87.84,62,0,10.36,GF,Thu Oct 26 16:38:00 2023
341,nova olimpia,-14.7972,-57.2881,96.3,34,94,7.7,BR,Thu Oct 26 16:38:01 2023
342,ilulissat,69.2167,-51.1,32.02,64,75,18.41,GL,Thu Oct 26 16:38:02 2023
343,filingue,14.3521,3.3168,88.41,10,100,5.64,NE,Thu Oct 26 16:38:03 2023
344,kolonia,50.9333,6.95,52.86,91,75,5.75,DE,Thu Oct 26 16:34:16 2023
345,mareeba,-17.0,145.4333,66.92,92,67,1.57,AU,Thu Oct 26 16:38:05 2023
346,usogorsk,63.4106,48.6872,25.66,83,100,7.58,RU,Thu Oct 26 16:38:06 2023
347,matane,48.8286,-67.522,47.84,88,50,5.57,CA,Thu Oct 26 16:38:01 2023
348,san borja,-14.8167,-66.85,102.0,28,94,10.07,BO,Thu Oct 26 16:38:08 2023
349,sungailiat,-1.85,106.1333,80.53,77,100,6.87,ID,Thu Oct 26 16:38:09 2023
350,carolina beach,34.0352,-77.8936,79.14,74,43,1.99,US,Thu Oct 26 16:38:10 2023
351,oppdal,62.5943,9.6912,26.2,74,17,4.52,NO,Thu Oct 26 16:38:11 2023
352,kindu,-2.95,25.95,70.03,99,90,1.72,CD,Thu Oct 26 16:38:12 2023
353,douz,33.4663,9.0203,72.64,39,2,9.37,TN,Thu Oct 26 16:38:12 2023
354,north ogden,41.3072,-111.9602,46.96,43,75,11.5,US,Thu Oct 26 16:38:13 2023
355,olyokminsk,60.3736,120.4264,27.73,65,99,4.54,RU,Thu Oct 26 16:35:24 2023
356,san sebastian de la gomera,28.0916,-17.1133,75.56,60,0,3.44,ES,Thu Oct 26 16:38:15 2023
357,gurlan,41.8447,60.3919,53.51,49,70,9.37,UZ,Thu Oct 26 16:38:16 2023
358,turinsk,58.0458,63.696,20.48,68,18,9.55,RU,Thu Oct 26 16:38:17 2023
359,itupiranga,-5.1347,-49.3267,95.32,49,47,2.46,BR,Thu Oct 26 16:38:18 2023
360,sinabang,2.4803,96.3801,78.78,81,100,3.87,ID,Thu Oct 26 16:38:19 2023
361,ericeira,38.9627,-9.4156,64.89,76,97,13.22,PT,Thu Oct 26 16:38:21 2023
362,santa luzia,-19.7697,-43.8514,87.08,41,20,5.75,BR,Thu Oct 26 16:38:22 2023
363,taltal,-25.4,-70.4833,63.16,67,24,3.29,CL,Thu Oct 26 16:38:23 2023
364,ugoofaaru,5.6667,73.0,82.54,74,57,9.78,MV,Thu Oct 26 16:38:24 2023
365,kyren,51.6828,102.1408,42.94,70,97,3.0,RU,Thu Oct 26 16:38:25 2023
366,taulaga,-11.0553,-171.0883,82.02,77,100,15.61,AS,Thu Oct 26 16:38:26 2023
367,guajara mirim,-10.7828,-65.3394,88.48,53,83,2.86,BR,Thu Oct 26 16:38:27 2023
368,tucurui,-3.7661,-49.6725,95.74,30,78,4.72,BR,Thu Oct 26 16:38:28 2023
369,navan,53.6528,-6.6814,53.73,95,93,5.28,IE,Thu Oct 26 16:38:29 2023
370,axim,4.8699,-2.2405,78.62,88,89,8.79,GH,Thu Oct 26 16:38:30 2023
371,port lincoln,-34.7333,135.8667,55.18,75,88,13.96,AU,Thu Oct 26 16:36:19 2023
372,newborough,52.6389,-0.2233,51.12,97,40,2.3,GB,Thu Oct 26 16:38:32 2023
373,bisauli,28.3167,78.9333,68.88,47,0,4.81,IN,Thu Oct 26 16:38:32 2023
374,saint-pierre,-21.3393,55.4781,76.68,78,75,1.14,RE,Thu Oct 26 16:38:33 2023
375,colonia,50.9333,6.95,52.86,91,75,5.75,DE,Thu Oct 26 16:34:16 2023
376,monrovia,6.3005,-10.7969,79.48,86,35,9.48,LR,Thu Oct 26 16:38:35 2023
377,vilyuysk,63.7553,121.6247,10.99,95,100,4.0,RU,Thu Oct 26 16:38:36 2023
378,lahad datu,5.0268,118.327,75.4,91,40,1.79,MY,Thu Oct 26 16:38:37 2023
379,igatpuri,19.7,73.55,68.31,42,86,6.17,IN,Thu Oct 26 16:38:38 2023
380,prince george,53.9166,-122.753,35.26,46,20,16.11,CA,Thu Oct 26 16:35:10 2023
381,shetpe,44.1667,52.1167,54.48,59,100,16.62,KZ,Thu Oct 26 16:38:40 2023
382,zhigalovo,54.8097,105.1578,33.8,77,100,3.31,RU,Thu Oct 26 16:38:41 2023
383,las cruces,32.3123,-106.7783,76.05,35,0,8.99,US,Thu Oct 26 16:38:42 2023
384,new norfolk,-42.7826,147.0587,47.7,76,23,2.53,AU,Thu Oct 26 16:38:42 2023
385,geraldton,-28.7667,114.6,61.21,82,100,18.41,AU,Thu Oct 26 16:37:01 2023
386,slave lake,55.2834,-114.769,24.78,93,100,8.05,CA,Thu Oct 26 16:34:50 2023
387,giado,31.9582,12.0203,69.03,35,1,7.78,LY,Thu Oct 26 16:38:45 2023
388,chibougamau,49.9168,-74.3659,37.02,75,100,3.44,CA,Thu Oct 26 16:38:46 2023
389,afgooye,2.1381,45.1212,78.98,84,19,9.01,SO,Thu Oct 26 16:38:47 2023
390,onega,63.9061,38.1404,28.26,77,96,5.41,RU,Thu Oct 26 16:38:47 2023
391,cockburn town,21.4612,-71.1419,82.15,68,1,20.24,TC,Thu Oct 26 16:38:48 2023
392,nar'yan-mar,67.6713,53.087,11.1,100,78,4.0,RU,Thu Oct 26 16:38:50 2023
393,prince rupert,54.3161,-130.3201,48.29,37,0,10.36,CA,Thu Oct 26 16:38:51 2023
394,tomatlan,19.9333,-105.25,85.32,65,100,8.81,MX,Thu Oct 26 16:38:52 2023
395,annau,37.8876,58.516,62.1,77,100,4.61,TM,Thu Oct 26 16:38:53 2023
396,carnarvon,-24.8667,113.6333,67.3,79,12,26.66,AU,Thu Oct 26 16:38:53 2023
397,haimen,23.1935,116.6142,73.29,88,24,5.86,CN,Thu Oct 26 16:38:54 2023
398,savanna-la-mar,18.219,-78.1332,87.93,61,26,11.59,JM,Thu Oct 26 16:38:55 2023
399,brookings,44.3114,-96.7984,52.18,96,100,9.22,US,Thu Oct 26 16:34:32 2023
400,lisakovsk,52.5369,62.4936,28.45,68,0,8.46,KZ,Thu Oct 26 16:38:57 2023
401,uturoa,-16.7333,-151.4333,79.05,79,100,12.55,PF,Thu Oct 26 16:38:57 2023
402,klaksvik,62.2266,-6.589,49.12,86,67,26.4,FO,Thu Oct 26 16:38:58 2023
403,bizerte,37.2744,9.8739,68.0,83,20,2.3,TN,Thu Oct 26 16:38:59 2023
404,puerto ayacucho,5.6639,-67.6236,87.85,66,48,4.65,VE,Thu Oct 26 16:39:01 2023
405,betio village,1.358,172.9211,80.64,74,52,9.28,KI,Thu Oct 26 16:39:02 2023
406,smithers,54.7804,-127.1743,32.32,51,0,3.44,CA,Thu Oct 26 16:39:03 2023
407,obihiro,42.9172,143.2044,44.73,92,38,0.85,JP,Thu Oct 26 16:37:05 2023
408,karratha,-20.7377,116.8463,87.37,20,15,19.33,AU,Thu Oct 26 16:38:16 2023
409,vilyuchinsk,52.9306,158.4028,34.93,77,4,7.0,RU,Thu Oct 26 16:39:06 2023
410,malanje,-9.5402,16.341,66.02,91,97,2.08,AO,Thu Oct 26 16:39:07 2023
411,broken hill,-31.95,141.4333,50.23,54,0,14.16,AU,Thu Oct 26 16:39:08 2023
412,rikaze,29.25,88.8833,33.39,51,0,3.15,CN,Thu Oct 26 16:39:09 2023
413,ta`u,-14.2336,-169.5144,79.07,80,100,16.75,AS,Thu Oct 26 16:39:10 2023
414,barranca,-10.75,-77.7667,69.55,71,28,11.16,PE,Thu Oct 26 16:39:11 2023
415,banda aceh,5.5577,95.3222,79.54,80,98,9.4,ID,Thu Oct 26 16:39:12 2023
416,ad dilam,23.9915,47.1627,79.21,50,0,8.32,SA,Thu Oct 26 16:39:13 2023
417,pimentel,-6.8367,-79.9342,75.49,64,0,18.41,PE,Thu Oct 26 16:39:14 2023
418,sona,45.4388,10.8255,59.32,95,75,5.75,IT,Thu Oct 26 16:39:15 2023
419,villa regina,-39.1,-67.0667,82.98,15,85,8.99,AR,Thu Oct 26 16:39:16 2023
420,island harbour,50.724,-1.2758,53.98,95,73,1.01,GB,Thu Oct 26 16:39:16 2023
421,aksuat,48.7167,83.7,47.73,71,100,8.55,KZ,Thu Oct 26 16:39:18 2023
422,kumbo,6.2,10.6667,60.06,93,98,3.0,CM,Thu Oct 26 16:39:19 2023
423,inhambane,-23.865,35.3833,69.4,68,0,8.16,MZ,Thu Oct 26 16:39:20 2023
424,tabas,33.5959,56.9244,71.08,36,39,2.62,IR,Thu Oct 26 16:39:20 2023
425,kodinsk,58.6881,99.1844,44.44,80,100,11.01,RU,Thu Oct 26 16:39:21 2023
426,sharhorod,48.7383,28.085,54.7,86,99,6.4,UA,Thu Oct 26 16:39:22 2023
427,bandon,51.7469,-8.7425,49.59,94,43,4.7,IE,Thu Oct 26 16:39:23 2023
428,nizhneudinsk,54.9076,99.0276,41.27,67,87,4.68,RU,Thu Oct 26 16:39:24 2023
429,moe,-38.1667,146.2667,47.64,74,1,1.59,AU,Thu Oct 26 16:39:25 2023
430,ban karon,7.8477,98.2985,85.78,76,98,2.98,TH,Thu Oct 26 16:39:26 2023
431,sorong,-0.8833,131.25,79.59,80,59,12.55,ID,Thu Oct 26 16:39:26 2023
432,flin flon,54.7682,-101.865,28.24,46,100,9.22,CA,Thu Oct 26 16:39:27 2023
433,ngambe,4.2333,10.6167,69.53,100,100,0.56,CM,Thu Oct 26 16:39:28 2023
434,petawawa,45.9001,-77.3328,62.19,85,100,8.05,CA,Thu Oct 26 16:39:29 2023
435,kirakira,-10.4544,161.9205,82.98,73,77,5.46,SB,Thu Oct 26 16:39:30 2023
436,dunedin,-45.8742,170.5036,41.81,62,26,15.99,NZ,Thu Oct 26 16:39:31 2023
437,turkestan,43.3333,68.25,50.13,52,100,1.61,KZ,Thu Oct 26 16:39:32 2023
438,malabar,-33.9667,151.25,56.91,83,75,20.71,AU,Thu Oct 26 16:39:33 2023
439,sihanoukville,10.6093,103.5296,78.75,94,40,3.44,KH,Thu Oct 26 16:39:34 2023
440,misratah,32.3754,15.0925,74.07,72,0,3.42,LY,Thu Oct 26 16:39:35 2023
441,kuzma,46.8369,16.0833,57.09,86,100,2.01,SI,Thu Oct 26 16:39:36 2023
442,kenai,60.5544,-151.2583,36.14,89,0,0.0,US,Thu Oct 26 16:39:37 2023
443,inarajan village,13.2736,144.7484,81.57,96,77,6.42,GU,Thu Oct 26 16:39:38 2023
444,farafangana,-22.8167,47.8333,72.75,87,100,12.55,MG,Thu Oct 26 16:39:38 2023
445,santiago,-33.4569,-70.6483,75.29,36,0,18.41,CL,Thu Oct 26 16:28:28 2023
446,bemidji,47.4736,-94.8803,43.92,100,100,8.05,US,Thu Oct 26 16:39:15 2023
447,khorinsk,52.1657,109.7726,28.96,76,36,1.95,RU,Thu Oct 26 16:39:41 2023
448,ambovombe,-25.1667,46.0833,67.39,69,100,5.64,MG,Thu Oct 26 16:39:42 2023
449,nizhniy kuranakh,58.8353,125.4869,2.68,95,39,3.13,RU,Thu Oct 26 16:39:43 2023
450,ponta delgada,37.7333,-25.6667,63.32,72,20,5.75,PT,Thu Oct 26 16:39:44 2023
451,tirumullaivasal,11.2333,79.8333,79.97,77,46,6.13,IN,Thu Oct 26 16:39:45 2023
452,minas de marcona,-15.2119,-75.1103,65.62,67,98,10.58,PE,Thu Oct 26 16:39:46 2023
453,fort bragg,35.139,-79.006,81.82,57,6,4.0,US,Thu Oct 26 16:35:45 2023
454,sevastopol,44.6,33.5333,64.99,68,100,5.99,UA,Thu Oct 26 16:35:43 2023
455,sanya,18.2431,109.505,77.16,94,75,2.24,CN,Thu Oct 26 16:39:49 2023
456,veinticinco de mayo,-35.4323,-60.1727,73.98,51,6,5.99,AR,Thu Oct 26 16:39:51 2023
457,niwai,26.35,75.9167,71.37,29,0,5.32,IN,Thu Oct 26 16:39:52 2023
458,alice springs,-23.7,133.8833,42.35,33,0,5.75,AU,Thu Oct 26 16:36:38 2023
459,jaboticabal,-21.2547,-48.3222,75.81,78,77,3.87,BR,Thu Oct 26 16:39:54 2023
460,banamba,13.55,-7.45,82.15,14,2,6.76,ML,Thu Oct 26 16:39:55 2023
461,launceston,-41.45,147.1667,38.84,87,40,6.91,AU,Thu Oct 26 16:39:56 2023
462,san ignacio rio muerto,27.4167,-110.2333,88.32,26,0,7.7,MX,Thu Oct 26 16:39:57 2023
463,pemangkat,1.1667,108.9667,77.74,87,99,4.99,ID,Thu Oct 26 16:39:58 2023
464,bani walid,31.7566,13.9942,67.77,79,0,5.14,LY,Thu Oct 26 16:39:59 2023
465,bhadrachalam,17.6667,80.8833,67.68,71,2,1.68,IN,Thu Oct 26 16:39:59 2023
466,taroa,8.7058,171.2275,83.21,74,26,10.87,MH,Thu Oct 26 16:40:00 2023
467,rustam,27.969,68.8048,75.15,22,43,0.63,PK,Thu Oct 26 16:40:01 2023
468,fort mcmurray,56.7268,-111.381,29.79,86,100,8.05,CA,Thu Oct 26 16:35:56 2023
469,juan griego,11.0817,-63.9655,84.47,73,97,6.76,VE,Thu Oct 26 16:40:04 2023
470,macau,22.2006,113.5461,77.86,88,20,3.44,MO,Thu Oct 26 16:40:05 2023
471,maxixe,-23.8597,35.3472,68.41,70,0,7.25,MZ,Thu Oct 26 16:40:06 2023
472,aripuana,-9.1667,-60.6333,81.7,71,94,3.6,BR,Thu Oct 26 16:40:07 2023
473,howrah,22.5892,88.3103,78.8,83,20,0.0,IN,Thu Oct 26 16:40:08 2023
474,praia,14.9215,-23.5087,82.94,78,75,18.41,CV,Thu Oct 26 16:40:09 2023
475,arkhangel'sk,64.5401,40.5433,30.13,83,99,5.21,RU,Thu Oct 26 16:40:10 2023
476,zaozersk,69.4005,32.4476,24.15,94,100,5.84,RU,Thu Oct 26 16:40:11 2023
477,macusani,-14.0833,-70.4333,48.0,63,100,7.11,PE,Thu Oct 26 16:40:12 2023
478,pizarro,4.9533,-77.366,76.84,90,87,19.66,CO,Thu Oct 26 16:40:14 2023
479,kruisfontein,-34.0033,24.7314,61.83,76,92,12.19,ZA,Thu Oct 26 16:40:14 2023
480,arno,60.1167,18.6333,38.79,78,100,10.09,SE,Thu Oct 26 16:40:15 2023
481,lexington,37.9887,-84.4777,77.0,49,75,12.66,US,Thu Oct 26 16:29:41 2023
482,malatya,38.5,38.0,59.05,59,0,8.05,TR,Thu Oct 26 16:40:17 2023
483,zemetchino,53.4973,42.6163,28.4,91,100,14.83,RU,Thu Oct 26 16:40:18 2023
484,coron,11.9986,120.2043,78.12,89,52,3.11,PH,Thu Oct 26 16:40:19 2023
485,chicoana,-25.1009,-65.5331,73.45,55,97,11.05,AR,Thu Oct 26 16:40:21 2023
486,karymskoye,51.6167,114.35,28.51,74,10,1.9,RU,Thu Oct 26 16:40:21 2023
487,tchintabaraden,15.8969,5.7985,85.62,11,76,4.81,NE,Thu Oct 26 16:40:22 2023
488,sogod,10.3847,124.9814,75.07,93,43,1.57,PH,Thu Oct 26 16:40:23 2023
489,tczew,54.0924,18.7779,50.76,100,100,3.8,PL,Thu Oct 26 16:40:24 2023
490,chonchi,-42.6128,-73.8092,58.21,60,94,6.62,CL,Thu Oct 26 16:40:25 2023
491,camabatela,-8.1881,15.375,63.88,96,94,2.17,AO,Thu Oct 26 16:40:26 2023
492,la ronge,55.1001,-105.2842,28.65,54,75,10.36,CA,Thu Oct 26 16:40:27 2023
493,kumertau,52.7667,55.7833,26.73,70,9,1.81,RU,Thu Oct 26 16:40:27 2023
494,bratsk,56.1325,101.6142,45.09,69,100,9.71,RU,Thu Oct 26 16:40:29 2023
495,madras,13.0878,80.2785,83.97,80,20,2.3,IN,Thu Oct 26 16:40:29 2023
496,kuta,-8.7233,115.1723,77.0,94,40,5.99,ID,Thu Oct 26 16:40:30 2023
497,comodoro rivadavia,-45.8667,-67.5,58.86,38,40,11.5,AR,Thu Oct 26 16:40:31 2023
498,glace bay,46.1969,-59.957,54.32,84,20,6.91,CA,Thu Oct 26 16:40:32 2023
499,kidal,18.4411,1.4078,84.83,11,87,8.43,ML,Thu Oct 26 16:40:33 2023
500,tateyama,34.9833,139.8667,67.23,61,69,8.03,JP,Thu Oct 26 16:40:34 2023
501,west wodonga,-36.1257,146.8486,49.75,100,0,3.78,AU,Thu Oct 26 16:40:03 2023
502,powell river,49.8496,-124.5361,48.33,66,75,8.05,CA,Thu Oct 26 16:38:13 2023
503,okhotsk,59.3833,143.3,24.39,90,100,10.65,RU,Thu Oct 26 16:40:37 2023
504,kollam,8.8833,76.6,78.69,83,82,2.95,IN,Thu Oct 26 16:40:38 2023
505,mount isa,-20.7333,139.5,64.17,17,0,13.8,AU,Thu Oct 26 16:40:38 2023
506,swakopmund,-22.6833,14.5333,61.65,92,24,2.8,NA,Thu Oct 26 16:40:39 2023
507,caleta de carquin,-11.0925,-77.6267,70.11,74,55,11.34,PE,Thu Oct 26 16:40:40 2023
508,mukalla,14.5425,49.1242,79.81,69,81,6.91,YE,Thu Oct 26 16:40:42 2023
509,port hedland,-20.3167,118.5667,75.25,46,100,5.75,AU,Thu Oct 26 16:40:42 2023
510,kristinestad,62.2743,21.376,28.89,86,34,7.02,FI,Thu Oct 26 16:40:43 2023
511,harstad,68.799,16.5293,36.61,97,83,3.0,NO,Thu Oct 26 16:40:44 2023
512,thames,-37.1333,175.5333,55.38,94,100,9.78,NZ,Thu Oct 26 16:36:16 2023
513,rabaul,-4.1967,152.1721,78.94,82,100,8.9,PG,Thu Oct 26 16:40:46 2023
514,zinjibar,13.1287,45.3807,82.62,74,100,17.81,YE,Thu Oct 26 16:40:47 2023
515,itaituba,-4.2761,-55.9836,98.76,47,20,3.31,BR,Thu Oct 26 16:40:47 2023
516,mahanoro,-19.9,48.8,75.0,95,56,4.81,MG,Thu Oct 26 16:40:48 2023
517,bardai,11.65,7.2333,74.66,27,70,2.86,NG,Thu Oct 26 16:40:49 2023
518,turabah,21.2141,41.6331,75.18,47,99,10.98,SA,Thu Oct 26 16:40:50 2023
519,beau vallon,-20.4189,57.6953,77.22,88,20,3.44,MU,Thu Oct 26 16:40:51 2023
520,eyl,7.9803,49.8164,80.17,81,33,8.86,SO,Thu Oct 26 16:40:52 2023
521,leer,53.2316,7.461,51.94,94,100,1.01,DE,Thu Oct 26 16:40:52 2023
522,mezhdurechenskiy,59.6,65.9333,21.2,69,65,10.33,RU,Thu Oct 26 16:40:53 2023
523,sarangani,5.4033,125.4636,83.25,75,98,10.47,PH,Thu Oct 26 16:40:54 2023
524,collie,-33.3667,116.15,49.08,84,64,6.53,AU,Thu Oct 26 16:40:55 2023
525,charters towers,-20.1,146.2667,72.61,56,0,19.98,AU,Thu Oct 26 16:40:56 2023
526,aksu,41.1231,80.2644,53.78,33,43,3.09,CN,Thu Oct 26 16:40:56 2023
527,lazaro cardenas,17.9583,-102.2,82.81,79,99,8.63,MX,Thu Oct 26 16:40:57 2023
528,carbondale,37.7273,-89.2168,79.09,54,0,18.41,US,Thu Oct 26 16:31:49 2023
529,constitucion,-35.3333,-72.4167,58.33,70,6,13.62,CL,Thu Oct 26 16:41:00 2023
530,kadhan,24.481,68.9859,79.77,63,11,9.13,PK,Thu Oct 26 16:41:00 2023
531,port-vila,-17.7338,168.3219,80.2,83,75,6.91,VU,Thu Oct 26 16:41:01 2023
532,lamu,-2.2717,40.902,78.89,86,26,10.22,KE,Thu Oct 26 16:41:02 2023
533,lubang,13.8584,120.124,83.5,72,84,7.56,PH,Thu Oct 26 16:41:04 2023
534,pangai,-19.8,-174.35,77.11,69,75,18.41,TO,Thu Oct 26 16:41:04 2023
535,kavieng,-2.5744,150.7967,80.92,80,100,6.33,PG,Thu Oct 26 16:41:05 2023
536,ataq,14.5377,46.8319,70.75,77,95,8.7,YE,Thu Oct 26 16:41:07 2023
537,tchibanga,-2.85,11.0333,71.28,98,100,2.3,GA,Thu Oct 26 16:41:08 2023
538,badagry,6.4167,2.8833,79.36,86,92,8.14,NG,Thu Oct 26 16:41:09 2023
539,saint-georges,12.0564,-61.7485,82.08,89,20,2.3,GD,Thu Oct 26 16:41:10 2023
540,turpan,42.9333,89.1667,58.89,37,27,1.14,CN,Thu Oct 26 16:39:18 2023
541,papao,-17.75,-149.55,83.88,86,100,5.77,PF,Thu Oct 26 16:41:12 2023
542,chadron,42.8294,-102.9999,28.08,86,100,9.22,US,Thu Oct 26 16:41:12 2023
543,luena,-11.7833,19.9167,69.98,83,74,4.61,AO,Thu Oct 26 16:41:13 2023
544,quepos,9.4236,-84.1652,80.02,85,97,5.3,CR,Thu Oct 26 16:40:25 2023
545,cambria,35.5641,-121.0808,74.55,77,1,8.01,US,Thu Oct 26 16:41:15 2023
546,arauca,7.0847,-70.7591,84.16,79,40,2.3,CO,Thu Oct 26 16:39:37 2023
547,boden,65.8252,21.6886,32.0,99,100,3.47,SE,Thu Oct 26 16:41:16 2023
548,tutoia,-2.7619,-42.2744,79.38,78,15,12.44,BR,Thu Oct 26 16:41:17 2023
549,masuguru,-11.3667,38.4167,82.31,59,95,8.61,TZ,Thu Oct 26 16:41:18 2023
550,erenhot,43.6475,111.9767,46.83,22,5,7.56,CN,Thu Oct 26 16:41:20 2023
551,guarapari,-20.6667,-40.4975,74.84,96,56,2.71,BR,Thu Oct 26 16:41:21 2023
552,al jawf,29.5,38.75,75.61,31,0,13.22,SA,Thu Oct 26 16:41:22 2023
553,borba,-4.3878,-59.5939,91.99,46,78,3.04,BR,Thu Oct 26 16:41:23 2023
554,oamaru,-45.0784,170.9801,40.37,67,94,1.01,NZ,Thu Oct 26 16:41:24 2023
555,luwuk,-0.9516,122.7875,74.39,65,5,3.83,ID,Thu Oct 26 16:38:17 2023
556,coquimbo,-29.9533,-71.3436,58.73,77,40,12.66,CL,Thu Oct 26 16:41:26 2023
557,mata-utu,-13.2816,-176.1745,80.71,76,98,14.2,WF,Thu Oct 26 16:41:27 2023
558,lockwood,45.8191,-108.4149,19.42,80,100,6.91,US,Thu Oct 26 16:41:27 2023
559,dadukou,26.5479,101.7054,59.63,94,4,1.52,CN,Thu Oct 26 16:41:28 2023
560,dazhou,31.2159,107.5009,59.52,94,100,2.48,CN,Thu Oct 26 16:41:29 2023
561,alice,27.7523,-98.0697,89.04,82,75,13.8,US,Thu Oct 26 16:41:30 2023
562,buka,40.8108,69.1986,59.14,66,100,0.96,UZ,Thu Oct 26 16:41:31 2023
563,boguchany,58.3814,97.4531,44.85,67,100,8.99,RU,Thu Oct 26 16:41:33 2023
564,jumla,29.2747,82.1838,42.24,84,0,3.76,NP,Thu Oct 26 16:39:03 2023
565,coos bay,43.3665,-124.2179,57.18,62,40,8.05,US,Thu Oct 26 16:41:35 2023
566,coruripe,-10.1256,-36.1756,79.32,75,32,17.81,BR,Thu Oct 26 16:38:27 2023
567,federal,-30.9547,-58.7833,72.19,58,12,6.11,AR,Thu Oct 26 16:41:37 2023
568,saldanha,-33.0117,17.9442,57.25,88,11,3.58,ZA,Thu Oct 26 16:41:37 2023
569,mangrol,21.1167,70.1167,79.92,63,14,5.03,IN,Thu Oct 26 16:41:38 2023
